{"cameraMode":{"drawMode":0,"name":"Shaded","section":"Shading Mode"},"sceneLighting":true,"audioPlay":false,"sceneViewState":{"m_AlwaysRefresh":false,"showFog":true,"showSkybox":true,"showFlares":true,"showImageEffects":true,"showParticleSystems":true,"showVisualEffectGraphs":true,"m_FxEnabled":true},"in2DMode":false,"pivot":{"x":-45.2180061340332,"y":-5.84920597076416,"z":10.587943077087403},"rotation":{"x":0.11087298393249512,"y":-0.15585534274578095,"z":0.017590811476111413,"w":0.9813537001609802},"size":14.309249877929688,"orthographic":true}