{"cameraMode":{"drawMode":0,"name":"Shaded","section":"Shading Mode"},"sceneLighting":true,"audioPlay":false,"sceneViewState":{"m_AlwaysRefresh":false,"showFog":true,"showSkybox":true,"showFlares":true,"showImageEffects":true,"showParticleSystems":true,"showVisualEffectGraphs":true,"m_FxEnabled":true},"in2DMode":false,"pivot":{"x":20.48592758178711,"y":1.9960994720458985,"z":4.024456977844238},"rotation":{"x":0.029850002378225328,"y":0.09729490429162979,"z":-0.0029778266325592996,"w":0.9947613477706909},"size":29.981895446777345,"orthographic":true}